{
  "type": "minecraft:chest",
  "pools": [
    {
      "bonus_rolls": 0,
      "entries": [
        {
          "type": "minecraft:item",
          "quality": 100,
          "functions": [
            {
              "function": "minecraft:set_components",
              "components": {
                "minecraft:consumable": {
                  "on_consume_effects": [
                    {
                      "type": "minecraft:apply_effects",
                      "effects": [
                        {
                          "id": "minecraft:regeneration",
                          "amplifier": 0,
                          "duration": 100
                        },
                        {
                          "id": "minecraft:absorption",
                          "amplifier": 1,
                          "duration": 2400
                        },
                        {
                          "id": "minecraft:fire_resistance",
                          "amplifier": 1,
                          "duration": 3000
                        }
                      ]
                    }
                  ]
                },
                "minecraft:food": {
                  "nutrition": 3,
                  "saturation": 3,
                  "can_always_eat": true
                },
                "minecraft:custom_name": {
                  "translate": "item.luistercorp.name.golden_dragon_fruit",
                  "color": "gold",
                  "italic": false
                },
                "minecraft:lore": [
                  {
                    "translate": "item.luistercorp.lore.golden_dragon_fruit",
                    "color": "blue",
                    "italic": false
                  }
                ],
                "minecraft:custom_model_data": {
                  "strings": [
                    "golden_dragon_fruit"
                  ]
                }
              }
            }
          ],
          "name": "minecraft:golden_apple",
          "weight": 50
        }
      ],
      "rolls": 1
    },
    {
      "bonus_rolls": 0,
      "entries": [
        {
          "type": "minecraft:item",
          "functions": [
            {
              "function": "minecraft:set_damage",
              "damage": {
                "type": "minecraft:uniform",
                "min": 0.2,
                "max": 0.4
              }
            },
            {
              "add": false,
              "count": 1,
              "function": "minecraft:set_count"
            },
            {
              "function": "minecraft:enchant_randomly",
              "options": "#minecraft:on_random_loot"
            }
          ],
          "name": "minecraft:diamond_pickaxe",
          "weight": 6
        },
        {
          "type": "minecraft:item",
          "functions": [
            {
              "add": false,
              "count": 1,
              "function": "minecraft:set_count"
            }
          ],
          "name": "minecraft:netherite_scrap",
          "weight": 4
        },
        {
          "type": "minecraft:item",
          "quality": 100,
          "functions": [
            {
              "function": "minecraft:set_components",
              "components": {
                "minecraft:consumable": {
                  "on_consume_effects": [
                    {
                      "type": "minecraft:apply_effects",
                      "effects": [
                        {
                          "id": "minecraft:regeneration",
                          "amplifier": 0,
                          "duration": 100
                        },
                        {
                          "id": "minecraft:absorption",
                          "amplifier": 1,
                          "duration": 2400
                        },
                        {
                          "id": "minecraft:fire_resistance",
                          "amplifier": 1,
                          "duration": 3000
                        }
                      ]
                    }
                  ]
                },
                "minecraft:food": {
                  "nutrition": 3,
                  "saturation": 3,
                  "can_always_eat": true
                },
                "minecraft:custom_name": {
                  "translate": "item.luistercorp.name.golden_dragon_fruit",
                  "color": "gold",
                  "italic": false
                },
                "minecraft:lore": [
                  {
                    "translate": "item.luistercorp.lore.golden_dragon_fruit",
                    "color": "blue",
                    "italic": false
                  }
                ],
                "minecraft:custom_model_data": {
                  "strings": [
                    "golden_dragon_fruit"
                  ]
                }
              }
            }
          ],
          "name": "minecraft:golden_apple",
          "weight": 50
        }
      ],
      "rolls": 2
    },
    {
      "bonus_rolls": 1,
      "entries": [
        {
          "type": "minecraft:item",
          "functions": [
            {
              "function": "minecraft:set_damage",
              "damage": {
                "type": "minecraft:uniform",
                "min": 0.2,
                "max": 0.4
              }
            },
            {
              "add": false,
              "count": 1,
              "function": "minecraft:set_count"
            },
            {
              "function": "minecraft:enchant_randomly",
              "options": "#minecraft:on_random_loot"
            }
          ],
          "name": "minecraft:diamond_axe"
        },
        {
          "type": "minecraft:item",
          "functions": [
            {
              "function": "minecraft:set_damage",
              "damage": {
                "type": "minecraft:uniform",
                "min": 0.4,
                "max": 0.8
              }
            },
            {
              "add": false,
              "count": 1,
              "function": "minecraft:set_count"
            }
          ],
          "name": "minecraft:diamond_sword"
        }
      ],
      "rolls": 1
    },
    {
      "bonus_rolls": 1,
      "entries": [
        {
          "type": "minecraft:item",
          "functions": [
            {
              "add": false,
              "count": 3,
              "function": "minecraft:set_count"
            }
          ],
          "name": "minecraft:iron_block",
          "weight": 2
        },
        {
          "type": "minecraft:item",
          "functions": [
            {
              "add": false,
              "count": 3,
              "function": "minecraft:set_count"
            }
          ],
          "name": "minecraft:gold_block",
          "weight": 2
        }
      ],
      "rolls": 2
    },
    {
      "bonus_rolls": 0,
      "entries": [
        {
          "type": "minecraft:item",
          "functions": [
            {
              "add": false,
              "count": {
                "type": "minecraft:uniform",
                "max": 3,
                "min": 1
              },
              "function": "minecraft:set_count"
            }
          ],
          "name": "minecraft:gold_ingot"
        }
      ],
      "rolls": {
        "type": "minecraft:uniform",
        "max": 4,
        "min": 2
      }
    },
    {
      "bonus_rolls": 0,
      "entries": [
        {
          "type": "minecraft:item",
          "functions": [
            {
              "add": false,
              "count": {
                "type": "minecraft:uniform",
                "max": 6,
                "min": 2
              },
              "function": "minecraft:set_count"
            },
            {
              "function": "minecraft:set_custom_model_data",
              "strings": {
                "values": [
                  "diente_hoglin"
                ],
                "mode": "append"
              }
            },
            {
              "function": "minecraft:set_name",
              "name": {
                "translate": "item.luistercorp.name.diente_hoglin",
                "color": "#f7d488",
                "italic": false
              }
            }
          ],
          "name": "minecraft:bone",
          "weight": 2
        },
        {
          "type": "minecraft:item",
          "functions": [
            {
              "add": false,
              "count": {
                "type": "minecraft:uniform",
                "max": 2,
                "min": 1
              },
              "function": "minecraft:set_count"
            }
          ],
          "name": "minecraft:golden_carrot"
        }
      ],
      "rolls": {
        "type": "minecraft:uniform",
        "max": 2,
        "min": 1
      }
    },
    {
      "bonus_rolls": 0,
      "entries": [
        {
          "type": "minecraft:empty",
          "weight": 11
        },
        {
          "type": "minecraft:item",
          "name": "minecraft:snout_armor_trim_smithing_template"
        }
      ],
      "rolls": 1
    }
  ]
}