{
  "type": "minecraft:chest",
  "pools": [
    {
      "rolls": 1,
      "entries": [
        {
          "type": "minecraft:item",
          "name": "minecraft:music_disc_11",
          "functions": [
            {
              "function": "minecraft:set_name",
              "name": {
                "translate": "luistercorp.conservatory.music_disc.sick_sack",
                "color": "#8308E4",
                "italic": false
              }
            },
            {
              "function": "minecraft:set_components",
              "components": {
                "minecraft:jukebox_playable": "luistercorp:dragon_fruit/sick_sack",
                "minecraft:lore": [
                  {
                    "translate": "music_disc.luistercorp.dragon_fruit.ncs",
                    "color": "dark_gray",
                    "italic": false
                  }
                ]
              }
            },
            {
              "function": "minecraft:set_custom_model_data",
              "strings": {
                "values": [
                  "sick_sack"
                ],
                "mode": "append"
              }
            }
          ]
        }
      ]
    },
    {
      "rolls": 1,
      "entries": [
        {
          "type": "minecraft:loot_table",
          "value": "luistercorp:chests/ruinas_warped"
        }
      ]
    }
  ]
}