{
  "pools": [
    {
      "rolls": 1,
      "entries": [
        {
          "type": "minecraft:item",
          "name": "minecraft:poisonous_potato",
          "functions": [
            {
              "function": "minecraft:set_components",
              "components": {
                "minecraft:item_model": "minecraft:player_head",
                "minecraft:lore": [
                  {
                    "text": "For use in the Catenaring Table.",
                    "color": "gray"
                  },
                  {
                    "text": "Can be used as a decoration material.",
                    "color": "gray"
                  },
                  {
                    "text": "Decorations:",
                    "color": "gray",
                    "italic": false
                  },
                  {
                    "text": "  Item: ",
                    "color": "light_purple",
                    "italic": false,
                    "extra": [
                      {
                        "translate": "item.minecraft.player_head",
                        "fallback": "%s",
                        "with": [
                          {
                            "translate": "block.minecraft.player_head"
                          }
                        ]
                      }
                    ]
                  },
                  {
                    "text": "",
                    "color": "#4b4a73",
                    "extra": [
                      {
                        "text": "\u26d3",
                        "shadow_color": [
                          0.1,
                          0,
                          0.3,
                          1
                        ]
                      },
                      {
                        "text": "Catenary"
                      }
                    ]
                  }
                ],
                "minecraft:profile": {
                  "id": [
                    -307565869,
                    -899857461,
                    -1955140466,
                    -1970268593
                  ],
                  "properties": [
                    {
                      "name": "textures",
                      "value": "eyJ0ZXh0dXJlcyI6eyJTS0lOIjp7InVybCI6Imh0dHA6Ly90ZXh0dXJlcy5taW5lY3JhZnQubmV0L3RleHR1cmUvMjYyODNlN2E4OGQzMjcxOTMwNGEzN2VkZTBjNmE4YzVkYzlkOWNmOWIwMGExNzljZjkwNGU4Y2U4MjEzMTIifX19"
                    }
                  ]
                },
                "minecraft:item_name": {
                  "text": "Decoration - ",
                  "extra": [
                    "Paper Lanterns"
                  ]
                },
                "minecraft:custom_data": {
                  "catenary": {
                    "decoration_material": {
                      "type": "item",
                      "light": 7,
                      "item": {
                        "id": "minecraft:player_head",
                        "components": {
                          "minecraft:profile": {
                            "id": [
                              -307565869,
                              -899857461,
                              -1955140466,
                              -1970268593
                            ],
                            "properties": [
                              {
                                "name": "textures",
                                "value": "eyJ0ZXh0dXJlcyI6eyJTS0lOIjp7InVybCI6Imh0dHA6Ly90ZXh0dXJlcy5taW5lY3JhZnQubmV0L3RleHR1cmUvMjYyODNlN2E4OGQzMjcxOTMwNGEzN2VkZTBjNmE4YzVkYzlkOWNmOWIwMGExNzljZjkwNGU4Y2U4MjEzMTIifX19"
                              }
                            ]
                          }
                        }
                      },
                      "offset_y": -0.5,
                      "transformation": {
                        "scale": [
                          1.5,
                          2.0,
                          1.5
                        ],
                        "translation": [
                          0.0,
                          0.5,
                          0.0
                        ]
                      },
                      "brightness": {
                        "sky": 15,
                        "block": 15
                      }
                    }
                  },
                  "bolt-item": {
                    "id": "catenary:paper_lanterns",
                    "hash": -893766062
                  }
                },
                "!minecraft:food": {},
                "!minecraft:consumable": {}
              }
            }
          ]
        }
      ]
    }
  ]
}
