{
  "pools": [
    {
      "rolls": 1,
      "entries": [
        {
          "type": "minecraft:item",
          "name": "minecraft:barrel",
          "functions": [
            {
              "function": "minecraft:set_components",
              "components": {
                "minecraft:item_model": "minecraft:player_head",
                "minecraft:item_name": {
                  "translate": "item.catenary.workbench",
                  "fallback": "Catenaring Table"
                },
                "minecraft:profile": {
                  "id": [
                    -869705366,
                    -1342158067,
                    -1554732859,
                    -1137778893
                  ],
                  "properties": [
                    {
                      "name": "textures",
                      "value": "eyJ0ZXh0dXJlcyI6eyJTS0lOIjp7InVybCI6Imh0dHA6Ly90ZXh0dXJlcy5taW5lY3JhZnQubmV0L3RleHR1cmUvMWFiYTExOGJlZTY2NDU0OTQ3MThiNWY4NjNhMWEwMTgzZDA2ODhmZDg4NTJkMjFiYTNmNWMxM2RiYjNiODBjMiJ9fX0="
                    }
                  ]
                },
                "minecraft:lore": [
                  {
                    "text": "",
                    "color": "#4b4a73",
                    "extra": [
                      {
                        "text": "\u26d3",
                        "shadow_color": [
                          0.1,
                          0,
                          0.3,
                          1
                        ]
                      },
                      {
                        "text": "Catenary"
                      }
                    ]
                  }
                ],
                "minecraft:custom_data": {
                  "bolt-item": {
                    "id": "catenary:workbench",
                    "hash": -353199029
                  }
                }
              }
            }
          ]
        }
      ]
    }
  ]
}
