{
  "pools": [
    {
      "rolls": 1,
      "entries": [
        {
          "type": "minecraft:item",
          "name": "minecraft:comparator",
          "functions": [
            {
              "function": "minecraft:set_components",
              "components": {
                "minecraft:item_model": "minecraft:player_head",
                "minecraft:item_name": {
                  "translate": "item.catenary.zipline_mount_pad",
                  "fallback": "Zipline Mount Pad"
                },
                "minecraft:profile": {
                  "id": [
                    -1526820294,
                    -186301761,
                    -1780042148,
                    -1074352176
                  ],
                  "properties": [
                    {
                      "name": "textures",
                      "value": "eyJ0ZXh0dXJlcyI6eyJTS0lOIjp7InVybCI6Imh0dHA6Ly90ZXh0dXJlcy5taW5lY3JhZnQubmV0L3RleHR1cmUvOTkzN2E1YmM1ZGQzMzQ1M2EwNDJkNzFlMTcyMmE4OTgwODRjYzhmYTNkZmU4NTJlOWE5MWU5YzY1OTRiMTRlIn19fQ=="
                    }
                  ]
                },
                "minecraft:lore": [
                  {
                    "text": "",
                    "color": "#4b4a73",
                    "extra": [
                      {
                        "text": "\u26d3",
                        "shadow_color": [
                          0.1,
                          0,
                          0.3,
                          1
                        ]
                      },
                      {
                        "text": "Catenary"
                      }
                    ]
                  }
                ],
                "minecraft:custom_data": {
                  "bolt-item": {
                    "id": "catenary:zipline_mount_pad",
                    "hash": 1925401004
                  }
                }
              }
            }
          ]
        }
      ]
    }
  ]
}
