{
  "criteria": {
    "requirement": {
      "trigger": "minecraft:tick",
      "conditions": {
        "player": [
          {
            "condition": "minecraft:inverted",
            "term": {
              "condition": "minecraft:entity_scores",
              "entity": "this",
              "scores": {
                "eroxified2.leave_game": 42
              }
            }
          }
        ]
      }
    }
  },
  "rewards": {
    "function": "eroxified2:core/internal/reload_or_join"
  }
}
