{
  "criteria": {
    "requirement": {
      "trigger": "minecraft:default_block_use",
      "conditions": {
        "location": [
          {
            "condition": "minecraft:location_check",
            "predicate": {
              "block": {
                "blocks": "barrel",
                "nbt": "{components:{'minecraft:custom_data':{eroxified2:{custom_block:{id:{id:'catenary:workbench'}}}}}}"
              }
            }
          }
        ]
      }
    }
  },
  "rewards": {
    "function": "eroxified2:custom_block/data/block/catenary/workbench/on_default_block_use_advancement"
  },
  "parent": "catenary:workbench/revoke_on_join"
}
