{
  "criteria": {
    "requirement": {
      "trigger": "minecraft:placed_block",
      "conditions": {
        "location": [
          {
            "condition": "minecraft:location_check",
            "predicate": {
              "block": {
                "blocks": "minecraft:barrel",
                "nbt": "{components:{'minecraft:custom_data':{bolt-item:{id:'catenary:workbench'}}}}"
              }
            }
          }
        ]
      }
    }
  },
  "rewards": {
    "function": "eroxified2:custom_block/data/block/catenary/workbench/placed_advancement"
  },
  "parent": "catenary:workbench/revoke_on_join"
}
