{
  "display": {
    "icon": {
      "id": "minecraft:bread",
    "components": {
      "minecraft:custom_model_data": {"strings": ["dragon_fruit"]}
    }
    },
    "title": {"translate":"advancement.luistercorp.dragon_fruit.base.title"},
    "description": {"translate":"advancement.luistercorp.dragon_fruit.base.description"},
    "background": "minecraft:block/fondodragon_fruit",
    "frame": "task",
    "show_toast": true,
    "announce_to_chat": true,
    "hidden": false
  },
  "criteria": {
    "requirement": {
      "trigger": "minecraft:inventory_changed",
      "conditions": {
        "items": [
          {
            "items": "minecraft:bread",
            "components": {
              "minecraft:custom_model_data": {"strings": ["dragon_fruit"]}
            }
          }
        ]
      }
    }
  }
}