{
  "parent": "catenary:trigger/root",
  "criteria": {
    "requirement": {
      "trigger": "minecraft:item_used_on_block",
      "conditions": {
        "location": [
          {
            "condition": "minecraft:match_tool",
            "predicate": {
              "items": "minecraft:firework_rocket",
              "predicates": {
                "minecraft:custom_data": {
                  "catenary": {
                    "detect": true
                  }
                }
              }
            }
          }
        ]
      }
    }
  },
  "rewards": {
    "function": "catenary:rocket/placed"
  }
}
