{
  "type": "minecraft:jigsaw",
  "biomes": [
    "minecraft:jungle",
    "minecraft:forest",
    "minecraft:dark_forest",
    "minecraft:birch_forest",
    "minecraft:plains",
    "minecraft:windswept_hills",
    "minecraft:taiga",
    "minecraft:swamp",
    "minecraft:meadow",
    "minecraft:sparse_jungle"
  ],
  "step": "surface_structures",
  "spawn_overrides": {},
  "terrain_adaptation": "beard_box",
  "start_pool": "luistercorp:traveling_wagon",
  "size": 1,
  "liquid_settings": "ignore_waterlogging",
  "start_height": {
    "absolute": 0
  },
  "project_start_to_heightmap": "WORLD_SURFACE_WG",
  "max_distance_from_center": 100,
  "use_expansion_hack": false
}
