{
  "parent": "luistercorp:dragon_fruit/conservatorio_piglin",
  "display": {
    "icon": {
      "id": "minecraft:bone",
      "components": {
        "minecraft:custom_model_data": {"strings": ["diente_hoglin"]}
      }
    },
    "title": {
        "translate": "advancement.luistercorp.diente_hoglin.title"
    },
    "description": {
      "translate": "advancement.luistercorp.diente_hoglin.description"
    },
    "frame": "goal",
    "show_toast": true,
    "announce_to_chat": true,
    "hidden": false
  },
  "criteria": {
    "requirement": {
      "trigger": "minecraft:inventory_changed",
      "conditions": {
        "items": [
          {
            "items": "minecraft:bone",
            "components": {
              "minecraft:custom_model_data": {"strings": ["diente_hoglin"]}
            }
          }
        ]
      }
    }
  }
}