{
  "parent": "luistercorp:dragon_fruit/manzana_obsidiana",
  "display": {
    "icon": {
      "id": "minecraft:music_disc_11",
      "components": {
        "minecraft:custom_model_data": {"strings": ["sick_sack"]}
      }
    },
    "title": {
        "translate": "advancement.luistercorp.dragon_fruit.sick_sack.title"
    },
    "description": {
      "translate": "advancement.luistercorp.dragon_fruit.sick_sack.description"
    },
    "frame": "goal",
    "show_toast": true,
    "announce_to_chat": true,
    "hidden": false
  },
  "criteria": {
    "requirement": {
      "trigger": "minecraft:inventory_changed",
      "conditions": {
        "items": [
          {
            "items": "minecraft:music_disc_11",
            "components": {
              "minecraft:custom_model_data": {"strings": ["sick_sack"]}
            }
          }
        ]
      }
    }
  }
}