{
  "parent": "catenary:decorations/revoke_on_join",
  "criteria": {
    "has_the_recipe": {
      "conditions": {
        "recipe": "catenary:paper_lanterns"
      },
      "trigger": "minecraft:recipe_unlocked"
    },
    "has_ingredient_b": {
      "conditions": {
        "items": [
          {
            "items": "minecraft:paper"
          }
        ]
      },
      "trigger": "minecraft:inventory_changed"
    },
    "has_ingredient_c": {
      "conditions": {
        "items": [
          {
            "items": "minecraft:red_dye"
          }
        ]
      },
      "trigger": "minecraft:inventory_changed"
    },
    "has_ingredient_d": {
      "conditions": {
        "items": [
          {
            "items": "minecraft:string"
          }
        ]
      },
      "trigger": "minecraft:inventory_changed"
    },
    "has_ingredient_e": {
      "conditions": {
        "items": [
          {
            "items": "minecraft:torch"
          }
        ]
      },
      "trigger": "minecraft:inventory_changed"
    }
  },
  "requirements": [
    [
      "has_the_recipe",
      "has_ingredient_b",
      "has_ingredient_c",
      "has_ingredient_d",
      "has_ingredient_e"
    ]
  ],
  "rewards": {
    "recipes": [
      "catenary:paper_lanterns"
    ]
  }
}
