{
  "parent": "catenary:workbench/revoke_on_join",
  "criteria": {
    "has_the_recipe": {
      "conditions": {
        "recipe": "catenary:workbench"
      },
      "trigger": "minecraft:recipe_unlocked"
    },
    "has_ingredient_a": {
      "conditions": {
        "items": [
          {
            "items": "#minecraft:planks"
          }
        ]
      },
      "trigger": "minecraft:inventory_changed"
    },
    "has_ingredient_b": {
      "conditions": {
        "items": [
          {
            "items": "minecraft:chain"
          }
        ]
      },
      "trigger": "minecraft:inventory_changed"
    }
  },
  "requirements": [
    [
      "has_the_recipe",
      "has_ingredient_a",
      "has_ingredient_b"
    ]
  ],
  "rewards": {
    "recipes": [
      "catenary:workbench"
    ]
  }
}
