{
  "parent": "catenary:upgrades/revoke_on_join",
  "criteria": {
    "has_the_recipe": {
      "conditions": {
        "recipe": "catenary:zipline_lift_upgrade"
      },
      "trigger": "minecraft:recipe_unlocked"
    },
    "has_ingredient_a": {
      "conditions": {
        "items": [
          {
            "items": "minecraft:chain"
          }
        ]
      },
      "trigger": "minecraft:inventory_changed"
    },
    "has_ingredient_b": {
      "conditions": {
        "items": [
          {
            "items": "minecraft:diamond"
          }
        ]
      },
      "trigger": "minecraft:inventory_changed"
    },
    "has_ingredient_c": {
      "conditions": {
        "items": [
          {
            "items": "minecraft:iron_block"
          }
        ]
      },
      "trigger": "minecraft:inventory_changed"
    },
    "has_ingredient_d": {
      "conditions": {
        "items": [
          {
            "items": "minecraft:powered_rail"
          }
        ]
      },
      "trigger": "minecraft:inventory_changed"
    },
    "has_ingredient_e": {
      "conditions": {
        "items": [
          {
            "items": "minecraft:repeater"
          }
        ]
      },
      "trigger": "minecraft:inventory_changed"
    }
  },
  "requirements": [
    [
      "has_the_recipe",
      "has_ingredient_a",
      "has_ingredient_b",
      "has_ingredient_c",
      "has_ingredient_d",
      "has_ingredient_e"
    ]
  ],
  "rewards": {
    "recipes": [
      "catenary:zipline_lift_upgrade"
    ]
  }
}
