{
  "parent": "catenary:zipline_mount_pad/revoke_on_join",
  "criteria": {
    "has_the_recipe": {
      "conditions": {
        "recipe": "catenary:zipline_mount_pad"
      },
      "trigger": "minecraft:recipe_unlocked"
    },
    "has_ingredient_b": {
      "conditions": {
        "items": [
          {
            "items": "minecraft:chain"
          }
        ]
      },
      "trigger": "minecraft:inventory_changed"
    },
    "has_ingredient_c": {
      "conditions": {
        "items": [
          {
            "items": "minecraft:diamond"
          }
        ]
      },
      "trigger": "minecraft:inventory_changed"
    },
    "has_ingredient_d": {
      "conditions": {
        "items": [
          {
            "items": "minecraft:stone_pressure_plate"
          }
        ]
      },
      "trigger": "minecraft:inventory_changed"
    }
  },
  "requirements": [
    [
      "has_the_recipe",
      "has_ingredient_b",
      "has_ingredient_c",
      "has_ingredient_d"
    ]
  ],
  "rewards": {
    "recipes": [
      "catenary:zipline_mount_pad"
    ]
  }
}
