{
  "condition": "minecraft:any_of",
  "terms": [
    {
      "condition": "minecraft:location_check",
      "offsetX": -5,
      "offsetY": 0,
      "offsetZ": 0,
      "predicate": {
        "block": {
          "blocks": "minecraft:barrel",
          "nbt": "{components:{'minecraft:custom_data':{catenary:{placed_trigger:{}}}}}"
        }
      }
    },
    {
      "condition": "minecraft:location_check",
      "offsetX": -4,
      "offsetY": 0,
      "offsetZ": 0,
      "predicate": {
        "block": {
          "blocks": "minecraft:barrel",
          "nbt": "{components:{'minecraft:custom_data':{catenary:{placed_trigger:{}}}}}"
        }
      }
    },
    {
      "condition": "minecraft:location_check",
      "offsetX": -3,
      "offsetY": 0,
      "offsetZ": 0,
      "predicate": {
        "block": {
          "blocks": "minecraft:barrel",
          "nbt": "{components:{'minecraft:custom_data':{catenary:{placed_trigger:{}}}}}"
        }
      }
    },
    {
      "condition": "minecraft:location_check",
      "offsetX": -2,
      "offsetY": 0,
      "offsetZ": 0,
      "predicate": {
        "block": {
          "blocks": "minecraft:barrel",
          "nbt": "{components:{'minecraft:custom_data':{catenary:{placed_trigger:{}}}}}"
        }
      }
    },
    {
      "condition": "minecraft:location_check",
      "offsetX": -1,
      "offsetY": 0,
      "offsetZ": 0,
      "predicate": {
        "block": {
          "blocks": "minecraft:barrel",
          "nbt": "{components:{'minecraft:custom_data':{catenary:{placed_trigger:{}}}}}"
        }
      }
    },
    {
      "condition": "minecraft:location_check",
      "offsetX": 0,
      "offsetY": 0,
      "offsetZ": 0,
      "predicate": {
        "block": {
          "blocks": "minecraft:barrel",
          "nbt": "{components:{'minecraft:custom_data':{catenary:{placed_trigger:{}}}}}"
        }
      }
    },
    {
      "condition": "minecraft:location_check",
      "offsetX": 1,
      "offsetY": 0,
      "offsetZ": 0,
      "predicate": {
        "block": {
          "blocks": "minecraft:barrel",
          "nbt": "{components:{'minecraft:custom_data':{catenary:{placed_trigger:{}}}}}"
        }
      }
    },
    {
      "condition": "minecraft:location_check",
      "offsetX": 2,
      "offsetY": 0,
      "offsetZ": 0,
      "predicate": {
        "block": {
          "blocks": "minecraft:barrel",
          "nbt": "{components:{'minecraft:custom_data':{catenary:{placed_trigger:{}}}}}"
        }
      }
    },
    {
      "condition": "minecraft:location_check",
      "offsetX": 3,
      "offsetY": 0,
      "offsetZ": 0,
      "predicate": {
        "block": {
          "blocks": "minecraft:barrel",
          "nbt": "{components:{'minecraft:custom_data':{catenary:{placed_trigger:{}}}}}"
        }
      }
    },
    {
      "condition": "minecraft:location_check",
      "offsetX": 4,
      "offsetY": 0,
      "offsetZ": 0,
      "predicate": {
        "block": {
          "blocks": "minecraft:barrel",
          "nbt": "{components:{'minecraft:custom_data':{catenary:{placed_trigger:{}}}}}"
        }
      }
    },
    {
      "condition": "minecraft:location_check",
      "offsetX": 5,
      "offsetY": 0,
      "offsetZ": 0,
      "predicate": {
        "block": {
          "blocks": "minecraft:barrel",
          "nbt": "{components:{'minecraft:custom_data':{catenary:{placed_trigger:{}}}}}"
        }
      }
    }
  ]
}
