{
	"display": {
		"icon": {
			"id": "minecraft:prismarine_bricks",
			"count": 1
		},
		"title": {
			"translate": "Life could be a dream..."
		},
		"description": {
			"translate": "Find an underwater city, no lifeguard here."
		},
		"frame": "goal",
		"show_toast": true,
		"announce_to_chat": true,
		"hidden": false
	},
	"parent": "minecraft:adventure/throw_trident",
	"criteria": {
		"locate_underwater_city": {
			"trigger": "minecraft:location",
			"conditions": {
				"player": [
					{
						"condition": "minecraft:entity_properties",
						"entity": "this",
						"predicate": {
							"location": {
								"structures": "hopo:underwater/underwater_city"
							}
						}
					}
				]
			}
		}
	},
	"requirements": [
		[
			"locate_underwater_city"
		]
	],
	"rewards": {
		"experience": 150
	}
}
