{
	"type": "minecraft:chest",
	"pools": [
	  {
		"rolls": {
		  "min": 4,
		  "max": 6
		},
		"entries": [
		  {
			"type": "minecraft:item",
			"name": "minecraft:trial_key",
			"weight": 2
		  },
		  {
			"type": "minecraft:item",
			"name": "minecraft:bundle"
		  },
		  {
			"type": "minecraft:item",
			"name": "minecraft:honeycomb",
			"weight": 1
		  },
		  {
			"type": "minecraft:loot_table",
			"value": "minecraft:chests/underwater_ruin_big",
			"weight": 5
		  },
		  {
			"type": "minecraft:loot_table",
			"value": "hopo:chests/materials",
			"weight": 6
		  },
		  {
			"type": "minecraft:item",
			"name": "minecraft:map",
			"weight": 1,
			"functions": [
			  {
				"function": "minecraft:set_name",
				"name": "Trial Chambers Map"
			  },
			  {
				"function": "minecraft:exploration_map",
				"destination": "minecraft:on_trial_chambers_maps",
				"decoration": "trial_chambers",
				"zoom": 2,
				"skip_existing_chunks": false
			  },
			  {
				"function": "minecraft:set_components",
				"components": {
				  "minecraft:map_color": 12741452
				}
			  }
			]
		  },
		  {
			"type": "minecraft:item",
			"name": "minecraft:map",
			"weight": 1,
			"functions": [
			  {
				"function": "minecraft:exploration_map",
				"destination": "minecraft:on_treasure_maps",
				"decoration": "red_x",
				"zoom": 2,
				"skip_existing_chunks": false
			  }
			]
		  },
		  {
			"type": "minecraft:item",
			"name": "minecraft:map",
			"weight": 1,
			"functions": [
			  {
				"function": "minecraft:exploration_map",
				"destination": "minecraft:mineshaft",
				"decoration": "target_x",
				"zoom": 2,
				"skip_existing_chunks": true
			  },
			  {
				"function": "minecraft:set_name",
				"name": {
				  "text": "Abandoned Mineshaft Map",
				  "italic": false
				}
			  }
			]
		  },
		  {
			"type": "minecraft:item",
			"name": "minecraft:book",
			"weight": 6,
			"functions": [
			  {
				"function": "minecraft:enchant_randomly",
				"options": "#minecraft:on_random_loot"
			  }
			]
		  },
		  {
			"type": "minecraft:item",
			"name": "minecraft:iron_axe",
			"weight": 3,
			"functions": [
			  {
				"function": "minecraft:enchant_randomly",
				"options": "#minecraft:on_random_loot"
			  },
			  {
				"function": "minecraft:set_damage",
				"damage": {
				  "min": 0.2,
				  "max": 0.7
				},
				"add": false
			  }
			]
		  },
		  {
			"type": "minecraft:item",
			"name": "minecraft:iron_pickaxe",
			"weight": 3,
			"functions": [
			  {
				"function": "minecraft:enchant_randomly",
				"options": "#minecraft:on_random_loot"
			  },
			  {
				"function": "minecraft:set_damage",
				"damage": {
				  "min": 0.2,
				  "max": 0.7
				},
				"add": false
			  }
			]
		  },
		  {
			"type": "minecraft:item",
			"name": "minecraft:lightning_rod",
			"weight": 2,
			"functions": [
			  {
				"function": "minecraft:set_count",
				"count": {
				  "min": 1,
				  "max": 1
				},
				"add": false
			  }
			]
		  },
		  {
			"type": "minecraft:item",
			"name": "minecraft:oxidized_cut_copper",
			"weight": 6,
			"functions": [
			  {
				"function": "minecraft:set_count",
				"count": {
				  "min": 5,
				  "max": 15
				},
				"add": false
			  }
			]
		  },
		  {
			"type": "minecraft:item",
			"name": "minecraft:oxidized_copper",
			"weight": 7,
			"functions": [
			  {
				"function": "minecraft:set_count",
				"count": {
				  "min": 1,
				  "max": 3
				},
				"add": false
			  }
			]
		  },
		  {
			"type": "minecraft:item",
			"name": "minecraft:weathered_cut_copper",
			"weight": 6,
			"functions": [
			  {
				"function": "minecraft:set_count",
				"count": {
				  "min": 5,
				  "max": 15
				},
				"add": false
			  }
			]
		  },
		  {
			"type": "minecraft:item",
			"name": "minecraft:weathered_copper",
			"weight": 7,
			"functions": [
			  {
				"function": "minecraft:set_count",
				"count": {
				  "min": 1,
				  "max": 3
				},
				"add": false
			  }
			]
		  },
		  {
			"type": "minecraft:item",
			"name": "minecraft:copper_ingot",
			"weight": 7,
			"functions": [
			  {
				"function": "minecraft:set_count",
				"count": {
				  "min": 5,
				  "max": 15
				},
				"add": false
			  }
			]
		  },
		  {
			"type": "minecraft:item",
			"name": "minecraft:raw_copper",
			"weight": 8,
			"functions": [
			  {
				"function": "minecraft:set_count",
				"count": {
				  "min": 7,
				  "max": 17
				},
				"add": false
			  }
			]
		  },
		  {
			"type": "minecraft:item",
			"name": "minecraft:raw_copper_block",
			"weight": 4,
			"functions": [
			  {
				"function": "minecraft:set_count",
				"count": {
				  "min": 0,
				  "max": 2
				},
				"add": false
			  }
			]
		  },
		  {
			"type": "minecraft:item",
			"name": "minecraft:copper_ore",
			"weight": 3,
			"functions": [
			  {
				"function": "minecraft:set_count",
				"count": {
				  "min": 3,
				  "max": 10
				},
				"add": false
			  }
			]
		  },
		  {
			"type": "minecraft:item",
			"name": "minecraft:deepslate_copper_ore",
			"weight": 2,
			"functions": [
			  {
				"function": "minecraft:set_count",
				"count": {
				  "min": 1,
				  "max": 10
				},
				"add": false
			  }
			]
		  },
		  {
			"type": "minecraft:item",
			"name": "minecraft:granite",
			"weight": 5,
			"functions": [
			  {
				"function": "minecraft:set_count",
				"count": {
				  "min": 16,
				  "max": 32
				},
				"add": false
			  }
			]
		  },
		  {
			"type": "minecraft:item",
			"name": "minecraft:brush",
			"weight": 2,
			"functions": [
			  {
				"function": "minecraft:set_damage",
				"damage": {
				  "min": 0.1,
				  "max": 0.3
				},
				"add": false
			  },
			  {
				"function": "minecraft:enchant_randomly",
				"options": "#minecraft:on_random_loot"
			  }
			]
		  },
		  {
			"type": "minecraft:item",
			"name": "minecraft:oxidized_copper_bulb",
			"weight": 4,
			"functions": [
			  {
				"function": "minecraft:set_count",
				"count": {
				  "min": 1,
				  "max": 7
				},
				"add": false
			  }
			]
		  },
		  {
			"type": "minecraft:item",
			"name": "minecraft:weathered_copper_bulb",
			"weight": 4,
			"functions": [
			  {
				"function": "minecraft:set_count",
				"count": {
				  "min": 1,
				  "max": 7
				},
				"add": false
			  }
			]
		  },
		  {
			"type": "minecraft:item",
			"name": "minecraft:ominous_bottle"
		  },
		  {
			"type": "minecraft:item",
			"name": "minecraft:oxidized_copper_grate",
			"weight": 3,
			"functions": [
			  {
				"function": "minecraft:set_count",
				"count": {
				  "min": 3,
				  "max": 8
				},
				"add": false
			  }
			]
		  },
		  {
			"type": "minecraft:item",
			"name": "minecraft:waxed_weathered_copper_grate",
			"weight": 3,
			"functions": [
			  {
				"function": "minecraft:set_count",
				"count": {
				  "min": 3,
				  "max": 8
				},
				"add": false
			  }
			]
		  }
		]
	  }
	],
	"random_sequence": "hopo:chests/copper"
  }