{
	"type": "minecraft:chest",
	"pools": [
	  {
		"rolls": {
		  "type": "minecraft:uniform",
		  "min": 5,
		  "max": 6
		},
		"bonus_rolls": 0,
		"entries": [
		  {
			"type": "minecraft:item",
			"name": "minecraft:cooked_salmon",
			"weight": 9,
			"functions": [
			  {
				"function": "minecraft:set_count",
				"count": {
				  "min": 3,
				  "max": 10
				},
				"add": false
			  }
			]
		  },
		  {
			"type": "minecraft:item",
			"name": "minecraft:cooked_cod",
			"weight": 9,
			"functions": [
			  {
				"function": "minecraft:set_count",
				"count": {
				  "min": 3,
				  "max": 10
				},
				"add": false
			  }
			]
		  },
		  {
			"type": "minecraft:item",
			"name": "minecraft:apple",
			"weight": 8,
			"functions": [
			  {
				"function": "minecraft:set_count",
				"count": {
				  "min": 1,
				  "max": 5
				},
				"add": false
			  }
			]
		  },
		  {
			"type": "minecraft:item",
			"name": "minecraft:golden_apple",
			"weight": 9,
			"functions": [
			  {
				"function": "minecraft:set_count",
				"count": {
				  "min": 1,
				  "max": 2
				},
				"add": false
			  }
			]
		  },
		  {
			"type": "minecraft:item",
			"name": "minecraft:mushroom_stew",
			"weight": 4
		  },
		  {
			"type": "minecraft:item",
			"name": "minecraft:brown_mushroom",
			"weight": 6,
			"functions": [
			  {
				"function": "minecraft:set_count",
				"count": {
				  "min": 2,
				  "max": 7
				},
				"add": false
			  }
			]
		  },
		  {
			"type": "minecraft:item",
			"name": "minecraft:red_mushroom",
			"weight": 6,
			"functions": [
			  {
				"function": "minecraft:set_count",
				"count": {
				  "min": 2,
				  "max": 7
				},
				"add": false
			  }
			]
		  },
		  {
			"type": "minecraft:item",
			"name": "minecraft:suspicious_stew",
			"weight": 15,
			"functions": [
			  {
				"function": "minecraft:set_stew_effect",
				"effects": [
				  {
					"type": "minecraft:weakness",
					"duration": {
					  "min": 20,
					  "max": 40
					}
				  },
				  {
					"type": "minecraft:poison",
					"duration": {
					  "min": 10,
					  "max": 20
					}
				  },
				  {
					"type": "minecraft:night_vision",
					"duration": {
					  "min": 20,
					  "max": 40
					}
				  },
				  {
					"type": "minecraft:saturation",
					"duration": {
					  "min": 7,
					  "max": 10
					}
				  },
				  {
					"type": "minecraft:jump_boost",
					"duration": {
					  "min": 20,
					  "max": 40
					}
				  },
				  {
					"type": "minecraft:blindness",
					"duration": {
					  "min": 10,
					  "max": 20
					}
				  },
				  {
					"type": "minecraft:haste",
					"duration": {
					  "min": 20,
					  "max": 40
					}
				  },
				  {
					"type": "minecraft:speed",
					"duration": {
					  "min": 20,
					  "max": 40
					}
				  },
				  {
					"type": "minecraft:water_breathing",
					"duration": {
					  "min": 20,
					  "max": 40
					}
				  },
				  {
					"type": "minecraft:regeneration",
					"duration": {
					  "min": 10,
					  "max": 20
					}
				  },
				  {
					"type": "minecraft:strength",
					"duration": {
					  "min": 10,
					  "max": 20
					}
				  },
				  {
					"type": "minecraft:absorption",
					"duration": {
					  "min": 10,
					  "max": 20
					}
				  },
				  {
					"type": "minecraft:conduit_power",
					"duration": {
					  "min": 10,
					  "max": 20
					}
				  },
				  {
					"type": "minecraft:health_boost",
					"duration": {
					  "min": 10,
					  "max": 20
					}
				  },
				  {
					"type": "minecraft:dolphins_grace",
					"duration": {
					  "min": 10,
					  "max": 20
					}
				  }
				]
			  }
			]
		  },
		  {
			"type": "minecraft:item",
			"name": "minecraft:oak_boat",
			"weight": 2
		  },
		  {
			"type": "minecraft:item",
			"name": "minecraft:spruce_boat",
			"weight": 2
		  },
		  {
			"type": "minecraft:item",
			"name": "minecraft:lily_pad",
			"weight": 5,
			"functions": [
			  {
				"function": "minecraft:set_count",
				"count": {
				  "min": 1,
				  "max": 10
				},
				"add": false
			  }
			]
		  },
		  {
			"type": "minecraft:item",
			"name": "minecraft:coal",
			"weight": 5,
			"functions": [
			  {
				"function": "minecraft:set_count",
				"count": {
				  "min": 2,
				  "max": 6
				},
				"add": false
			  }
			]
		  },
		  {
			"type": "minecraft:item",
			"name": "minecraft:coal_block",
			"weight": 2,
			"functions": [
			  {
				"function": "minecraft:set_count",
				"count": {
				  "min": 0,
				  "max": 1
				},
				"add": false
			  }
			]
		  },
		  {
			"type": "minecraft:item",
			"name": "minecraft:map",
			"weight": 1,
			"functions": [
			  {
				"function": "minecraft:exploration_map",
				"destination": "minecraft:shipwreck",
				"decoration": "red_x",
				"zoom": 2,
				"skip_existing_chunks": false
			  },
			  {
				"function": "minecraft:set_name",
				"name": {
				  "text": "Abandoned Shipwreck Map",
				  "italic": false
				}
			  }
			]
		  },
		  {
			"type": "minecraft:item",
			"name": "minecraft:map",
			"weight": 1,
			"functions": [
			  {
				"function": "minecraft:exploration_map",
				"destination": "minecraft:on_treasure_maps",
				"decoration": "red_x",
				"zoom": 2,
				"skip_existing_chunks": false
			  }
			]
		  },
		  {
			"type": "minecraft:item",
			"name": "minecraft:fishing_rod",
			"weight": 6,
			"functions": [
			  {
				"function": "minecraft:set_damage",
				"damage": {
				  "min": 0.2,
				  "max": 0.6
				},
				"add": false
			  }
			]
		  },
		  {
			"type": "minecraft:item",
			"name": "minecraft:fishing_rod",
			"weight": 6,
			"functions": [
			  {
				"function": "minecraft:enchant_randomly"
			  },
			  {
				"function": "minecraft:set_damage",
				"damage": {
				  "min": 0.2,
				  "max": 0.6
				},
				"add": false
			  }
			]
		  },
		  {
			"type": "minecraft:item",
			"name": "minecraft:rotten_flesh",
			"weight": 3,
			"functions": [
			  {
				"function": "minecraft:set_count",
				"count": {
				  "min": 2,
				  "max": 6
				},
				"add": false
			  }
			]
		  },
		  {
			"type": "minecraft:item",
			"name": "minecraft:nautilus_shell",
			"weight": 4,
			"functions": [
			  {
				"function": "minecraft:set_count",
				"count": {
				  "min": 0,
				  "max": 3
				},
				"add": false
			  }
			]
		  },
		  {
			"type": "minecraft:item",
			"name": "minecraft:stick",
			"weight": 5,
			"functions": [
			  {
				"function": "minecraft:set_count",
				"count": {
				  "min": 3,
				  "max": 16
				},
				"add": false
			  }
			]
		  },
		  {
			"type": "minecraft:item",
			"name": "minecraft:string",
			"weight": 7,
			"functions": [
			  {
				"function": "minecraft:set_count",
				"count": {
				  "min": 3,
				  "max": 12
				},
				"add": false
			  }
			]
		  },
		  {
			"type": "minecraft:item",
			"name": "minecraft:ink_sac",
			"weight": 4,
			"functions": [
			  {
				"function": "minecraft:set_count",
				"count": {
				  "min": 3,
				  "max": 15
				},
				"add": false
			  }
			]
		  },
		  {
			"type": "minecraft:item",
			"name": "minecraft:book",
			"weight": 7,
			"functions": [
			  {
				"function": "minecraft:enchant_randomly"
			  }
			]
		  },
		  {
			"type": "minecraft:item",
			"name": "minecraft:bone_meal",
			"weight": 6,
			"functions": [
			  {
				"function": "minecraft:set_count",
				"count": {
				  "min": 4,
				  "max": 15
				},
				"add": false
			  }
			]
		  },
		  {
			"type": "minecraft:item",
			"name": "minecraft:bone_block",
			"weight": 4,
			"functions": [
			  {
				"function": "minecraft:set_count",
				"count": {
				  "min": 0,
				  "max": 2
				},
				"add": false
			  }
			]
		  },
		  {
			"type": "minecraft:item",
			"name": "minecraft:bone",
			"weight": 6,
			"functions": [
			  {
				"function": "minecraft:set_count",
				"count": {
				  "min": 2,
				  "max": 5
				},
				"add": false
			  }
			]
		  },
		  {
			"type": "minecraft:item",
			"name": "minecraft:pufferfish",
			"weight": 3,
			"functions": [
			  {
				"function": "minecraft:set_count",
				"count": {
				  "min": 0,
				  "max": 2
				},
				"add": false
			  }
			]
		  },
		  {
			"type": "minecraft:item",
			"name": "minecraft:cod",
			"weight": 8,
			"functions": [
			  {
				"function": "minecraft:set_count",
				"count": {
				  "min": 2,
				  "max": 10
				},
				"add": false
			  }
			]
		  },
		  {
			"type": "minecraft:item",
			"name": "minecraft:salmon",
			"weight": 8,
			"functions": [
			  {
				"function": "minecraft:set_count",
				"count": {
				  "min": 2,
				  "max": 10
				},
				"add": false
			  }
			]
		  },
		  {
			"type": "minecraft:item",
			"name": "minecraft:tropical_fish",
			"weight": 6,
			"functions": [
			  {
				"function": "minecraft:set_count",
				"count": {
				  "min": 2,
				  "max": 7
				},
				"add": false
			  }
			]
		  },
		  {
			"type": "minecraft:item",
			"name": "minecraft:water_bucket",
			"weight": 3
		  },
		  {
			"type": "minecraft:item",
			"name": "minecraft:bucket",
			"weight": 3
		  },
		  {
			"type": "minecraft:item",
			"name": "minecraft:pufferfish_bucket",
			"weight": 2
		  },
		  {
			"type": "minecraft:item",
			"name": "minecraft:salmon_bucket",
			"weight": 3
		  },
		  {
			"type": "minecraft:item",
			"name": "minecraft:cod_bucket",
			"weight": 3
		  },
		  {
			"type": "minecraft:item",
			"name": "minecraft:dried_kelp_block",
			"weight": 6,
			"functions": [
			  {
				"function": "minecraft:set_count",
				"count": {
				  "min": 0,
				  "max": 1
				},
				"add": false
			  }
			]
		  },
		  {
			"type": "minecraft:item",
			"name": "minecraft:dried_kelp",
			"weight": 9,
			"functions": [
			  {
				"function": "minecraft:set_count",
				"count": {
				  "min": 3,
				  "max": 12
				},
				"add": false
			  }
			]
		  },
		  {
			"type": "minecraft:item",
			"name": "minecraft:seagrass",
			"weight": 6,
			"functions": [
			  {
				"function": "minecraft:set_count",
				"count": {
				  "min": 12,
				  "max": 22
				},
				"add": false
			  }
			]
		  },
		  {
			"type": "minecraft:item",
			"name": "minecraft:kelp",
			"weight": 7,
			"functions": [
			  {
				"function": "minecraft:set_count",
				"count": {
				  "min": 12,
				  "max": 32
				},
				"add": false
			  }
			]
		  },
		  {
			"type": "minecraft:item",
			"name": "minecraft:wheat_seeds",
			"weight": 5,
			"functions": [
			  {
				"function": "minecraft:set_count",
				"count": {
				  "min": 5,
				  "max": 15
				},
				"add": false
			  }
			]
		  },
		  {
			"type": "minecraft:item",
			"name": "minecraft:wheat",
			"weight": 6,
			"functions": [
			  {
				"function": "minecraft:set_count",
				"count": {
				  "min": 10,
				  "max": 30
				},
				"add": false
			  }
			]
		  },
		  {
			"type": "minecraft:item",
			"name": "minecraft:hay_block",
			"weight": 2,
			"functions": [
			  {
				"function": "minecraft:set_count",
				"count": {
				  "min": 0,
				  "max": 1
				},
				"add": false
			  }
			]
		  },
		  {
			"type": "minecraft:item",
			"name": "minecraft:raw_iron_block",
			"weight": 3,
			"functions": [
			  {
				"function": "minecraft:set_count",
				"count": {
				  "min": 0,
				  "max": 1
				},
				"add": false
			  }
			]
		  },
		  {
			"type": "minecraft:item",
			"name": "minecraft:raw_gold_block",
			"weight": 2,
			"functions": [
			  {
				"function": "minecraft:set_count",
				"count": {
				  "min": 0,
				  "max": 1
				},
				"add": false
			  }
			]
		  },
		  {
			"type": "minecraft:item",
			"name": "minecraft:raw_gold",
			"weight": 2,
			"functions": [
			  {
				"function": "minecraft:set_count",
				"count": {
				  "min": 1,
				  "max": 3
				},
				"add": false
			  }
			]
		  },
		  {
			"type": "minecraft:item",
			"name": "minecraft:raw_iron",
			"weight": 2,
			"functions": [
			  {
				"function": "minecraft:set_count",
				"count": {
				  "min": 1,
				  "max": 7
				},
				"add": false
			  }
			]
		  },
		  {
			"type": "minecraft:item",
			"name": "minecraft:gold_ingot",
			"weight": 2,
			"functions": [
			  {
				"function": "minecraft:set_count",
				"count": {
				  "min": 0,
				  "max": 3
				},
				"add": false
			  }
			]
		  },
		  {
			"type": "minecraft:item",
			"name": "minecraft:iron_ingot",
			"weight": 2,
			"functions": [
			  {
				"function": "minecraft:set_count",
				"count": {
				  "min": 0,
				  "max": 3
				},
				"add": false
			  }
			]
		  },
		  {
			"type": "minecraft:item",
			"name": "minecraft:iron_nugget",
			"weight": 4,
			"functions": [
			  {
				"function": "minecraft:set_count",
				"count": {
				  "min": 10,
				  "max": 40
				},
				"add": false
			  }
			]
		  },
		  {
			"type": "minecraft:item",
			"name": "minecraft:gold_nugget",
			"weight": 4,
			"functions": [
			  {
				"function": "minecraft:set_count",
				"count": {
				  "min": 10,
				  "max": 40
				},
				"add": false
			  }
			]
		  },
		  {
			"type": "minecraft:item",
			"name": "minecraft:book",
			"weight": 3,
			"functions": [
			  {
				"function": "minecraft:set_count",
				"count": {
				  "min": 0,
				  "max": 2
				},
				"add": false
			  }
			]
		  },
		  {
			"type": "minecraft:item",
			"name": "minecraft:turtle_scute",
			"weight": 3,
			"functions": [
			  {
				"function": "minecraft:set_count",
				"count": {
				  "min": 0,
				  "max": 2
				},
				"add": false
			  }
			]
		  },
		  {
			"type": "minecraft:item",
			"name": "minecraft:feather",
			"weight": 4,
			"functions": [
			  {
				"function": "minecraft:set_count",
				"count": {
				  "min": 1,
				  "max": 5
				},
				"add": false
			  }
			]
		  },
		  {
			"type": "minecraft:item",
			"name": "minecraft:name_tag",
			"weight": 3,
			"functions": [
			  {
				"function": "minecraft:set_count",
				"count": {
				  "min": 0,
				  "max": 1
				},
				"add": false
			  }
			]
		  },
		  {
			"type": "minecraft:item",
			"name": "minecraft:clay_ball",
			"weight": 4,
			"functions": [
			  {
				"function": "minecraft:set_count",
				"count": {
				  "min": 3,
				  "max": 30
				},
				"add": false
			  }
			]
		  },
		  {
			"type": "minecraft:item",
			"name": "minecraft:brick",
			"weight": 5,
			"functions": [
			  {
				"function": "minecraft:set_count",
				"count": {
				  "min": 3,
				  "max": 15
				},
				"add": false
			  }
			]
		  },
		  {
			"type": "minecraft:item",
			"name": "minecraft:paper",
			"weight": 8,
			"functions": [
			  {
				"function": "minecraft:set_count",
				"count": {
				  "min": 3,
				  "max": 15
				},
				"add": false
			  }
			]
		  },
		  {
			"type": "minecraft:item",
			"name": "minecraft:arrow",
			"weight": 7,
			"functions": [
			  {
				"function": "minecraft:set_count",
				"count": {
				  "min": 1,
				  "max": 6
				},
				"add": false
			  }
			]
		  },
		  {
			"type": "minecraft:item",
			"name": "minecraft:raw_copper",
			"weight": 8,
			"functions": [
			  {
				"function": "minecraft:set_count",
				"count": {
				  "min": 2,
				  "max": 6
				},
				"add": false
			  }
			]
		  },
		  {
			"type": "minecraft:item",
			"name": "minecraft:emerald_block",
			"weight": 2,
			"functions": [
			  {
				"function": "minecraft:set_count",
				"count": {
				  "min": 0,
				  "max": 1
				},
				"add": false
			  }
			]
		  },
		  {
			"type": "minecraft:item",
			"name": "minecraft:experience_bottle",
			"weight": 12,
			"functions": [
			  {
				"function": "minecraft:set_count",
				"count": {
				  "min": 2,
				  "max": 5
				},
				"add": false
			  }
			]
		  },
		  {
			"type": "minecraft:item",
			"name": "minecraft:flint",
			"weight": 6,
			"functions": [
			  {
				"function": "minecraft:set_count",
				"count": {
				  "min": 1,
				  "max": 6
				},
				"add": false
			  }
			]
		  },
		  {
			"type": "minecraft:item",
			"name": "minecraft:leather",
			"weight": 6,
			"functions": [
			  {
				"function": "minecraft:set_count",
				"count": {
				  "min": 1,
				  "max": 6
				},
				"add": false
			  }
			]
		  },
		  {
			"type": "minecraft:item",
			"name": "minecraft:lapis_lazuli",
			"weight": 5,
			"functions": [
			  {
				"function": "minecraft:set_count",
				"count": {
				  "min": 2,
				  "max": 7
				},
				"add": false
			  }
			]
		  },
		  {
			"type": "minecraft:item",
			"name": "minecraft:chiseled_stone_bricks",
			"weight": 4,
			"functions": [
			  {
				"function": "minecraft:set_count",
				"count": {
				  "min": 4,
				  "max": 12
				},
				"add": false
			  }
			]
		  },
		  {
			"type": "minecraft:item",
			"name": "minecraft:sea_pickle",
			"weight": 4,
			"functions": [
			  {
				"function": "minecraft:set_count",
				"count": {
				  "min": 2,
				  "max": 10
				},
				"add": false
			  }
			]
		  },
		  {
			"type": "minecraft:item",
			"name": "minecraft:sand",
			"weight": 4,
			"functions": [
			  {
				"function": "minecraft:set_count",
				"count": {
				  "min": 4,
				  "max": 12
				},
				"add": false
			  }
			]
		  },
		  {
			"type": "minecraft:item",
			"name": "minecraft:tnt",
			"weight": 5,
			"functions": [
			  {
				"function": "minecraft:set_count",
				"count": {
				  "min": 1,
				  "max": 2
				},
				"add": false
			  }
			]
		  },
		  {
			"type": "minecraft:item",
			"name": "minecraft:coal",
			"weight": 4,
			"functions": [
			  {
				"function": "minecraft:set_count",
				"count": {
				  "min": 1,
				  "max": 4
				},
				"add": false
			  }
			]
		  },
		  {
			"type": "minecraft:item",
			"name": "minecraft:stick",
			"weight": 4,
			"functions": [
			  {
				"function": "minecraft:set_count",
				"count": {
				  "min": 3,
				  "max": 9
				},
				"add": false
			  }
			]
		  },
		  {
			"type": "minecraft:item",
			"name": "minecraft:golden_sword",
			"weight": 1,
			"functions": [
			  {
				"function": "minecraft:set_damage",
				"damage": {
				  "min": 0.6,
				  "max": 0.8
				},
				"add": false
			  },
			  {
				"function": "minecraft:enchant_with_levels",
				"levels": 30,
				"options": "#minecraft:on_random_loot"
			  }
			]
		  },
		  {
			"type": "minecraft:item",
			"name": "minecraft:golden_axe",
			"weight": 1,
			"functions": [
			  {
				"function": "minecraft:set_damage",
				"damage": {
				  "min": 0.6,
				  "max": 0.8
				},
				"add": false
			  },
			  {
				"function": "minecraft:enchant_with_levels",
				"levels": 30,
				"options": "#minecraft:on_random_loot"
			  }
			]
		  },
		  {
			"type": "minecraft:item",
			"name": "minecraft:diamond_sword",
			"weight": 1,
			"functions": [
			  {
				"function": "minecraft:set_damage",
				"damage": {
				  "min": 0.6,
				  "max": 0.8
				},
				"add": false
			  },
			  {
				"function": "minecraft:enchant_with_levels",
				"levels": 25,
				"options": "#minecraft:on_random_loot"
			  }
			]
		  },
		  {
			"type": "minecraft:item",
			"name": "minecraft:diamond_axe",
			"weight": 1,
			"functions": [
			  {
				"function": "minecraft:set_damage",
				"damage": {
				  "min": 0.6,
				  "max": 0.8
				},
				"add": false
			  },
			  {
				"function": "minecraft:enchant_with_levels",
				"levels": 25,
				"options": "#minecraft:on_random_loot"
			  }
			]
		  }
		]
	  }
	],
	"random_sequence": "hopo:chests/food"
  }