{
	"type": "minecraft:chest",
	"pools": [
	  {
		"rolls": {
		  "type": "minecraft:uniform",
		  "min": 4,
		  "max": 7
		},
		"entries": [
		  {
			"type": "minecraft:item",
			"name": "minecraft:map",
			"weight": 1,
			"functions": [
			  {
				"function": "minecraft:exploration_map",
				"destination": "minecraft:on_treasure_maps",
				"decoration": "red_x",
				"zoom": 2,
				"skip_existing_chunks": false
			  }
			]
		  },
		  {
			"type": "minecraft:item",
			"name": "minecraft:map",
			"weight": 1,
			"functions": [
			  {
				"function": "minecraft:exploration_map",
				"destination": "minecraft:shipwreck",
				"decoration": "red_x",
				"zoom": 2,
				"skip_existing_chunks": true
			  },
			  {
				"function": "minecraft:set_name",
				"name": {
				  "text": "Abandoned Shipwreck Map",
				  "italic": false
				}
			  }
			]
		  },
		  {
			"type": "minecraft:item",
			"name": "minecraft:map",
			"weight": 1,
			"functions": [
			  {
				"function": "minecraft:exploration_map",
				"destination": "minecraft:ocean_ruin",
				"decoration": "banner_cyan",
				"zoom": 2,
				"skip_existing_chunks": true
			  },
			  {
				"function": "minecraft:set_name",
				"name": {
				  "text": "Small Underwater Ruins Map",
				  "italic": false
				}
			  }
			]
		  },
		  {
			"type": "minecraft:item",
			"name": "minecraft:iron_block",
			"weight": 1,
			"functions": [
			  {
				"function": "minecraft:set_count",
				"count": {
				  "min": 0,
				  "max": 1
				},
				"add": false
			  }
			]
		  },
		  {
			"type": "minecraft:item",
			"name": "minecraft:raw_iron_block",
			"weight": 3,
			"functions": [
			  {
				"function": "minecraft:set_count",
				"count": {
				  "min": 0,
				  "max": 1
				},
				"add": false
			  }
			]
		  },
		  {
			"type": "minecraft:item",
			"name": "minecraft:raw_gold_block",
			"weight": 2,
			"functions": [
			  {
				"function": "minecraft:set_count",
				"count": {
				  "min": 0,
				  "max": 1
				},
				"add": false
			  }
			]
		  },
		  {
			"type": "minecraft:item",
			"name": "minecraft:raw_gold",
			"weight": 6,
			"functions": [
			  {
				"function": "minecraft:set_count",
				"count": {
				  "min": 1,
				  "max": 3
				},
				"add": false
			  }
			]
		  },
		  {
			"type": "minecraft:item",
			"name": "minecraft:raw_iron",
			"weight": 6,
			"functions": [
			  {
				"function": "minecraft:set_count",
				"count": {
				  "min": 1,
				  "max": 7
				},
				"add": false
			  }
			]
		  },
		  {
			"type": "minecraft:item",
			"name": "minecraft:gold_ingot",
			"weight": 6,
			"functions": [
			  {
				"function": "minecraft:set_count",
				"count": {
				  "min": 0,
				  "max": 3
				},
				"add": false
			  }
			]
		  },
		  {
			"type": "minecraft:item",
			"name": "minecraft:iron_ingot",
			"weight": 6,
			"functions": [
			  {
				"function": "minecraft:set_count",
				"count": {
				  "min": 0,
				  "max": 3
				},
				"add": false
			  }
			]
		  },
		  {
			"type": "minecraft:item",
			"name": "minecraft:iron_nugget",
			"weight": 8,
			"functions": [
			  {
				"function": "minecraft:set_count",
				"count": {
				  "min": 10,
				  "max": 40
				},
				"add": false
			  }
			]
		  },
		  {
			"type": "minecraft:item",
			"name": "minecraft:gold_nugget",
			"weight": 8,
			"functions": [
			  {
				"function": "minecraft:set_count",
				"count": {
				  "min": 10,
				  "max": 40
				},
				"add": false
			  }
			]
		  },
		  {
			"type": "minecraft:item",
			"name": "minecraft:book",
			"weight": 7,
			"functions": [
			  {
				"function": "minecraft:enchant_randomly",
				"options": "#minecraft:on_random_loot"
			  }
			]
		  },
		  {
			"type": "minecraft:item",
			"name": "minecraft:book",
			"weight": 7,
			"functions": [
			  {
				"function": "minecraft:set_count",
				"count": {
				  "min": 0,
				  "max": 2
				},
				"add": false
			  }
			]
		  },
		  {
			"type": "minecraft:item",
			"name": "minecraft:turtle_scute",
			"weight": 2,
			"functions": [
			  {
				"function": "minecraft:set_count",
				"count": {
				  "min": 0,
				  "max": 1
				},
				"add": false
			  }
			]
		  },
		  {
			"type": "minecraft:item",
			"name": "minecraft:gunpowder",
			"weight": 7,
			"functions": [
			  {
				"function": "minecraft:set_count",
				"count": {
				  "min": 1,
				  "max": 4
				},
				"add": false
			  }
			]
		  },
		  {
			"type": "minecraft:item",
			"name": "minecraft:feather",
			"weight": 4,
			"functions": [
			  {
				"function": "minecraft:set_count",
				"count": {
				  "min": 1,
				  "max": 5
				},
				"add": false
			  }
			]
		  },
		  {
			"type": "minecraft:item",
			"name": "minecraft:name_tag",
			"weight": 3,
			"functions": [
			  {
				"function": "minecraft:set_count",
				"count": {
				  "min": 0,
				  "max": 1
				},
				"add": false
			  }
			]
		  },
		  {
			"type": "minecraft:item",
			"name": "minecraft:clay_ball",
			"weight": 4,
			"functions": [
			  {
				"function": "minecraft:set_count",
				"count": {
				  "min": 3,
				  "max": 30
				},
				"add": false
			  }
			]
		  },
		  {
			"type": "minecraft:item",
			"name": "minecraft:brick",
			"weight": 5,
			"functions": [
			  {
				"function": "minecraft:set_count",
				"count": {
				  "min": 3,
				  "max": 15
				},
				"add": false
			  }
			]
		  },
		  {
			"type": "minecraft:item",
			"name": "minecraft:paper",
			"weight": 8,
			"functions": [
			  {
				"function": "minecraft:set_count",
				"count": {
				  "min": 3,
				  "max": 15
				},
				"add": false
			  }
			]
		  },
		  {
			"type": "minecraft:item",
			"name": "minecraft:arrow",
			"weight": 7,
			"functions": [
			  {
				"function": "minecraft:set_count",
				"count": {
				  "min": 1,
				  "max": 6
				},
				"add": false
			  }
			]
		  },
		  {
			"type": "minecraft:item",
			"name": "minecraft:emerald",
			"weight": 8,
			"functions": [
			  {
				"function": "minecraft:set_count",
				"count": {
				  "min": 2,
				  "max": 6
				},
				"add": false
			  }
			]
		  },
		  {
			"type": "minecraft:item",
			"name": "minecraft:emerald_block",
			"weight": 2,
			"functions": [
			  {
				"function": "minecraft:set_count",
				"count": {
				  "min": 0,
				  "max": 1
				},
				"add": false
			  }
			]
		  },
		  {
			"type": "minecraft:item",
			"name": "minecraft:experience_bottle",
			"weight": 12,
			"functions": [
			  {
				"function": "minecraft:set_count",
				"count": {
				  "min": 2,
				  "max": 5
				},
				"add": false
			  }
			]
		  },
		  {
			"type": "minecraft:item",
			"name": "minecraft:flint",
			"weight": 6,
			"functions": [
			  {
				"function": "minecraft:set_count",
				"count": {
				  "min": 1,
				  "max": 6
				},
				"add": false
			  }
			]
		  },
		  {
			"type": "minecraft:item",
			"name": "minecraft:leather",
			"weight": 6,
			"functions": [
			  {
				"function": "minecraft:set_count",
				"count": {
				  "min": 1,
				  "max": 6
				},
				"add": false
			  }
			]
		  },
		  {
			"type": "minecraft:item",
			"name": "minecraft:lapis_lazuli",
			"weight": 5,
			"functions": [
			  {
				"function": "minecraft:set_count",
				"count": {
				  "min": 2,
				  "max": 7
				},
				"add": false
			  }
			]
		  },
		  {
			"type": "minecraft:item",
			"name": "minecraft:chiseled_stone_bricks",
			"weight": 4,
			"functions": [
			  {
				"function": "minecraft:set_count",
				"count": {
				  "min": 4,
				  "max": 12
				},
				"add": false
			  }
			]
		  },
		  {
			"type": "minecraft:item",
			"name": "minecraft:sea_pickle",
			"weight": 4,
			"functions": [
			  {
				"function": "minecraft:set_count",
				"count": {
				  "min": 2,
				  "max": 10
				},
				"add": false
			  }
			]
		  },
		  {
			"type": "minecraft:item",
			"name": "minecraft:stripped_oak_log",
			"weight": 4,
			"functions": [
			  {
				"function": "minecraft:set_count",
				"count": {
				  "min": 2,
				  "max": 10
				},
				"add": false
			  }
			]
		  },
		  {
			"type": "minecraft:item",
			"name": "minecraft:sand",
			"weight": 4,
			"functions": [
			  {
				"function": "minecraft:set_count",
				"count": {
				  "min": 4,
				  "max": 12
				},
				"add": false
			  }
			]
		  },
		  {
			"type": "minecraft:item",
			"name": "minecraft:tnt",
			"weight": 5,
			"functions": [
			  {
				"function": "minecraft:set_count",
				"count": {
				  "min": 1,
				  "max": 2
				},
				"add": false
			  }
			]
		  },
		  {
			"type": "minecraft:item",
			"name": "minecraft:leather_boots",
			"weight": 1,
			"functions": [
			  {
				"function": "minecraft:enchant_with_levels",
				"levels": 30
			  },
			  {
				"function": "minecraft:set_damage",
				"damage": {
				  "min": 0.8,
				  "max": 0.98
				},
				"add": false
			  },
			  {
				"function": "minecraft:set_components",
				"components": {
				  "minecraft:dyed_color": 328965,
				  "minecraft:trim": {
					"material": "minecraft:copper",
					"pattern": "minecraft:coast"
				  },
				  "minecraft:item_name": {
					"text": "Underwater Leather Boots",
					"italic": false
				  },
				  "minecraft:rarity": "uncommon"
				}
			  }
			]
		  },
		  {
			"type": "minecraft:item",
			"name": "minecraft:leather_leggings",
			"weight": 1,
			"functions": [
			  {
				"function": "minecraft:enchant_with_levels",
				"levels": 30
			  },
			  {
				"function": "minecraft:set_damage",
				"damage": {
				  "min": 0.8,
				  "max": 0.98
				},
				"add": false
			  },
			  {
				"function": "minecraft:set_components",
				"components": {
				  "minecraft:dyed_color": 328965,
				  "minecraft:trim": {
					"material": "minecraft:copper",
					"pattern": "minecraft:coast"
				  },
				  "minecraft:item_name": {
					"text": "Underwater Leather Pants",
					"italic": false
				  },
				  "minecraft:rarity": "uncommon"
				}
			  }
			]
		  },
		  {
			"type": "minecraft:item",
			"name": "minecraft:leather_chestplate",
			"weight": 1,
			"functions": [
			  {
				"function": "minecraft:enchant_with_levels",
				"levels": 30
			  },
			  {
				"function": "minecraft:set_damage",
				"damage": {
				  "min": 0.8,
				  "max": 0.98
				},
				"add": false
			  },
			  {
				"function": "minecraft:set_components",
				"components": {
				  "minecraft:dyed_color": 328965,
				  "minecraft:trim": {
					"material": "minecraft:copper",
					"pattern": "minecraft:coast"
				  },
				  "minecraft:item_name": {
					"text": "Underwater Leather Chestplate",
					"italic": false
				  },
				  "minecraft:rarity": "uncommon"
				}
			  }
			]
		  },
		  {
			"type": "minecraft:item",
			"name": "minecraft:leather_helmet",
			"weight": 1,
			"functions": [
			  {
				"function": "minecraft:enchant_with_levels",
				"levels": 30
			  },
			  {
				"function": "minecraft:set_damage",
				"damage": {
				  "min": 0.8,
				  "max": 0.98
				},
				"add": false
			  },
			  {
				"function": "minecraft:set_components",
				"components": {
				  "minecraft:dyed_color": 328965,
				  "minecraft:trim": {
					"material": "minecraft:copper",
					"pattern": "minecraft:coast"
				  },
				  "minecraft:item_name": {
					"text": "Underwater Leather Cap",
					"italic": false
				  },
				  "minecraft:rarity": "uncommon"
				}
			  }
			]
		  },
		  {
			"type": "minecraft:item",
			"name": "minecraft:coal",
			"weight": 4,
			"functions": [
			  {
				"function": "minecraft:set_count",
				"count": {
				  "min": 1,
				  "max": 4
				},
				"add": false
			  }
			]
		  },
		  {
			"type": "minecraft:item",
			"name": "minecraft:stick",
			"weight": 4,
			"functions": [
			  {
				"function": "minecraft:set_count",
				"count": {
				  "min": 3,
				  "max": 9
				},
				"add": false
			  }
			]
		  },
		  {
			"type": "minecraft:item",
			"name": "minecraft:golden_sword",
			"weight": 1,
			"functions": [
			  {
				"function": "minecraft:set_damage",
				"damage": {
				  "min": 0.6,
				  "max": 0.8
				},
				"add": false
			  },
			  {
				"function": "minecraft:enchant_with_levels",
				"levels": 30,
				"options": "#minecraft:exclusive_set/damage"
			  }
			]
		  },
		  {
			"type": "minecraft:item",
			"name": "minecraft:golden_axe",
			"weight": 1,
			"functions": [
			  {
				"function": "minecraft:set_damage",
				"damage": {
				  "min": 0.6,
				  "max": 0.8
				},
				"add": false
			  },
			  {
				"function": "minecraft:enchant_with_levels",
				"levels": 30,
				"options": "#minecraft:on_random_loot"
			  }
			]
		  },
		  {
			"type": "minecraft:item",
			"name": "minecraft:iron_sword",
			"weight": 1,
			"functions": [
			  {
				"function": "minecraft:set_damage",
				"damage": {
				  "min": 0.6,
				  "max": 0.8
				},
				"add": false
			  },
			  {
				"function": "minecraft:enchant_with_levels",
				"levels": 25,
				"options": "#minecraft:exclusive_set/damage"
			  }
			]
		  },
		  {
			"type": "minecraft:item",
			"name": "minecraft:iron_axe",
			"weight": 1,
			"functions": [
			  {
				"function": "minecraft:set_damage",
				"damage": {
				  "min": 0.6,
				  "max": 0.8
				},
				"add": false
			  },
			  {
				"function": "minecraft:enchant_with_levels",
				"levels": 25,
				"options": "#minecraft:on_random_loot"
			  }
			]
		  },
		  {
			"type": "minecraft:item",
			"name": "minecraft:copper_ingot",
			"weight": 6,
			"functions": [
			  {
				"function": "minecraft:set_count",
				"count": {
				  "min": 2,
				  "max": 6
				},
				"add": false
			  }
			]
		  },
		  {
			"type": "minecraft:item",
			"name": "minecraft:bundle"
		  }
		]
	  }
	],
	"random_sequence": "hopo:chests/materials"
  }