    {
    "schemaVersion": 1,
    "authors": ["Hoponopono"],
    "contact": {
        "discord": "https://discord.gg/CZQthZJjPc"
    },
    "custom": {
        "modmenu": {
            "links": {
                "modmenu.discord": "https://discord.gg/CZQthZJjPc"
            }
        }
    },
    "environment": "*",
    "name": "Hopo Better Underwater Ruins",
    "id": "hopobetterunderwaterruins",
    "version": "1.2.4",
    "description": "§7Hopo Better Underwater Ruins is a mod that makes explore oceans rewarding",
    "license": "All Rights Reserved",
    "icon": "icon.png"
    }   
