{
  "condition": "minecraft:all_of",
  "terms": [
    {
      "condition": "minecraft:inverted",
      "term": {
        "condition": "minecraft:location_check",
        "offsetY": -1,
        "predicate": {
          "block": {
            "blocks": "#minecraft:air"
          }
        }
      }
    },
    {
      "condition": "minecraft:location_check",
      "offsetY": 0,
      "predicate": {
        "block": {
          "blocks": "#minecraft:air"
        }
      }
    },
    {
      "condition": "minecraft:location_check",
      "offsetY": 1,
      "predicate": {
        "block": {
          "blocks": "#minecraft:air"
        }
      }
    }
  ]
}
