{
  "type": "minecraft:crafting_shaped",
  "category": "misc",
  "pattern": [
    "adb",
    "ade",
    "adc"
  ],
  "key": {
    "a": "minecraft:chain",
    "b": "minecraft:diamond",
    "c": "minecraft:iron_block",
    "d": "minecraft:powered_rail",
    "e": "minecraft:repeater"
  },
  "result": {
    "id": "poisonous_potato",
    "components": {
      "minecraft:item_model": "minecraft:player_head",
      "minecraft:item_name": {
        "translate": "item.catenary.zipline_lift_upgrade",
        "fallback": "Zipline Lift Upgrade"
      },
      "minecraft:lore": [
        {
          "text": "Makes a zipline go in only one direction",
          "color": "gray"
        },
        {
          "text": "and at a fixed speed, even when going upward.",
          "color": "gray"
        },
        {
          "text": "Use on two endpoints of an existing catenary.",
          "color": "gray"
        },
        {
          "text": "",
          "color": "#4b4a73",
          "extra": [
            {
              "text": "\u26d3",
              "shadow_color": [
                0.1,
                0,
                0.3,
                1
              ]
            },
            {
              "text": "Catenary"
            }
          ]
        }
      ],
      "minecraft:profile": {
        "id": [
          1842885748,
          1158431565,
          -1909639344,
          -2042918757
        ],
        "properties": [
          {
            "name": "textures",
            "value": "eyJ0ZXh0dXJlcyI6eyJTS0lOIjp7InVybCI6Imh0dHA6Ly90ZXh0dXJlcy5taW5lY3JhZnQubmV0L3RleHR1cmUvZjhlZWNhZTQyMzM1OWQzZjVlZmQxMDYzYTlhN2JjZmFhNDM4MzlkNzVkM2IyMjNjODA4ZGY3OTYxZGQxNzNkMCJ9fX0="
          }
        ]
      },
      "minecraft:custom_data": {
        "catenary": {
          "upgrade": true,
          "upgrade_name": "zipline_lift"
        },
        "bolt-item": {
          "id": "catenary:zipline_lift_upgrade",
          "hash": -2036051836
        }
      },
      "!minecraft:food": {},
      "!minecraft:consumable": {}
    }
  }
}
